Flavia Romero,Montgomery,(327) 927-4826,364084
Althea Gillespie,Augusta,1-928-473-7625,351829
Cynthia Thompson,Bridgeport,1-529-688-6747,260934
Gillian Weeks,Bridgeport,1-398-314-3782,335496
Nell Raymond,Henderson,(107) 562-8981,381880
Ria Harper,Savannah,(871) 591-0824,374862
Brenda Gonzales,Lafayette,(845) 883-6895,322124
Rina Vance,Salt Lake City,1-335-797-3783,251117
Blossom Harmon,West Jordan,1-441-595-1407,317030
Colby Kidd,Virginia Beach,1-134-320-1767,275123
Ora Morin,Lowell,(351) 203-5524,372415
Castor Chapman,Lewiston,(486) 147-3838,320039
Alden Moran,Sioux City,(381) 266-8816,310620
Zenaida Lynch,San Diego,1-762-713-9989,387239
Maggy Ashley,Bloomington,(554) 960-0009,350009
Armando Stewart,Bangor,1-472-797-0148,364002
Mufutau Robinson,Wilmington,1-314-618-7455,353165
Dahlia Holmes,Auburn,(569) 713-3642,298262
Bo Castro,Athens,(621) 423-5499,369674
Blythe Alvarado,Reno,(611) 827-4834,269578
Raja Chan,Green Bay,1-227-941-4315,348810
Kenyon Norris,South Bend,(167) 535-1866,328468
Camilla Townsend,Detroit,1-952-484-4031,355947
Lynn Ochoa,Milwaukee,1-685-496-6711,267451
Aidan Ross,Tampa,1-525-616-4281,396548
Colleen Holland,Bellevue,1-641-401-1658,366568
Jordan Rutledge,Springdale,(676) 603-0798,310903
Ira Mccoy,Henderson,1-744-311-6102,398928
Reuben Cole,Gulfport,(454) 662-7743,295484
Nicholas Burgess,Jonesboro,1-379-298-5946,399693
Solomon Hopkins,Sterling Heights,(541) 687-9787,396863
Tasha Mcmillan,Columbus,1-543-452-0532,332109
Talon Fischer,Paradise,(972) 382-2863,287172
Adele Buchanan,Southaven,(415) 965-3441,250695
Nelle Rodriquez,Annapolis,1-505-820-2511,291830
Aristotle Hendrix,Idaho Falls,1-837-923-4778,307760
Carly Greene,Lincoln,(178) 152-1939,270666
Jared Bates,Los Angeles,(878) 302-7080,345799
Tobias Sexton,Honolulu,(336) 661-2147,272353
Lilah Lynch,Portland,(134) 843-5286,289802
Wylie Holloway,Memphis,(958) 584-9581,325223
Dominique Graves,Fort Wayne,1-743-583-8425,292833
Nora Dyer,Lexington,(712) 911-6484,263045
Maisie Walls,Richmond,1-735-826-6516,319568
Kelly Casey,South Bend,1-917-307-8073,374972
Orla Peck,Worcester,1-438-673-3582,335227
Martina Thornton,Grand Island,1-229-570-6616,391607
Giacomo Carpenter,Covington,(646) 443-4501,324566
Caldwell Richards,Fort Wayne,1-316-875-2772,263571
Melissa Cardenas,Kapolei,1-491-853-1676,383160
Candice Ballard,Little Rock,1-342-255-3973,284252
Autumn Carson,Lafayette,(854) 833-2324,267195
Rigel Barrett,New Haven,(118) 656-3615,265048
Cecilia Cantu,Tucson,(102) 428-3733,308148
Kimberley Gomez,Phoenix,(828) 344-4289,312381
Lev Booker,Colchester,1-727-614-3442,253873
Price Hood,Olympia,(239) 177-3190,286122
Quemby Robertson,Oklahoma City,(684) 837-2044,341194
Vielka Walsh,Lansing,(366) 724-2438,256113
Joy Mosley,Racine,1-717-755-1526,298582
Tucker Whitehead,Chicago,1-178-152-4777,325614
Timothy Hendricks,Fresno,1-464-227-5584,269768
Celeste Garza,Auburn,1-288-596-4385,278425
Quynn Valentine,North Las Vegas,(185) 301-5469,329659
Holly Baldwin,Akron,(622) 855-2516,382060
Mason Arnold,Richmond,1-828-671-1563,289232
Melinda Anthony,Cincinnati,(852) 736-1385,319661
Lane Camacho,Pittsburgh,(814) 243-5822,258980
Katelyn Brock,Jonesboro,1-745-243-5177,293152
Nasim Buckner,Dallas,(371) 847-5837,333986
Libby Barr,Grand Island,(409) 298-4110,256634
Aristotle Mcconnell,Kapolei,1-556-782-4769,294537
Reagan Weaver,Nashville,(627) 515-8377,338849
Madeline Thompson,Butte,(733) 644-2401,381882
Fallon Pratt,Columbus,1-496-757-3024,331374
Marshall Jenkins,Springfield,(172) 889-2174,326486
Seth Leon,Minneapolis,(758) 551-1167,371086
Shana Vargas,Chesapeake,(358) 134-5236,368983
Damon Francis,Lowell,1-546-286-8364,261303
Drew Hodges,Jacksonville,1-282-830-8042,256448
Gareth Rosa,Meridian,1-858-244-5835,271773
Scarlet Terrell,Nampa,(288) 675-7338,314899
Carlos Manning,Lincoln,1-890-745-3201,281701
Jarrod Sparks,Mesa,(759) 817-6081,374113
Eaton Hahn,Spokane,1-614-320-1527,308723
Shafira Olsen,South Portland,(828) 715-4451,390419
Leo Sullivan,Fort Wayne,1-647-461-7615,272322
Oprah Black,West Valley City,(906) 439-1671,252614
Shellie Nelson,Jefferson City,1-513-818-5666,346716
Medge Richardson,Fresno,(332) 355-7186,320362
Ina Payne,Allentown,1-183-319-7674,347521
Harper Greer,Covington,1-878-716-2368,259823
Giselle Boyle,Oklahoma City,(420) 223-1868,386345
William Mcguire,Lawton,1-286-841-9526,349742
Aileen Flowers,Little Rock,1-229-582-6722,313252
Kylynn Best,Kapolei,(887) 634-2529,319564
Indigo Johnson,Hartford,(885) 558-0431,398527
Honorato Battle,Erie,1-473-787-3418,375303
Norman Powell,Casper,1-554-202-6228,353606
Fulton Baxter,Richmond,1-606-624-3103,354538
